[{"model": "app.scientist", "pk": 1, "fields": {"slug": "795L0LasEFmnbNeLRl4obEufww4XxWPs", "first_name": "Residente permanente 1", "last_name": "Saldivar", "ci": "300.27422972794085", "email": "jorgesaldivar@gmail.com", "phone_number": null, "first_category_scientific_area": "ingenieria", "scientific_area": "informatica", "position": "postdoc", "birth_date": "1981-12-21", "rough_age": 38, "sex": "masculino", "twitter_handler": "jorgesaldivar", "facebook_profile": "https://www.facebook.com/jorgesaldivarg", "gscholar_profile": "https://scholar.google.es/citations?user=dqZ9o5oAAAAJ&hl=en", "scopus_profile": "https://www.scopus.com/authid/detail.uri?authorId=55825947800", "linkedin_profile": "https://www.linkedin.com/in/jorgesaldivargalli", "researchgate_profile": "https://www.researchgate.net/profile/Jorge_Saldivar3", "academia_profile": "https://unitn.academia.edu/JorgeSaldivarGalli", "institutional_website": "https://www.bsc.es/saldivar-galli-jorge", "personal_website": "http://me.jorgesaldivargalli.com", "orcid_profile": "https://orcid.org/0000-0002-5605-6981", "has_becal_scholarship": false, "end_abroad_period": null, "communication_channel": "whatsapp", "approved": true, "created_at": "2019-10-21T21:27:43.364Z", "edited_at": "2019-12-06T16:05:06.430Z","notify_end_abroad_period_has_ended":false}},
  {"model": "app.scientist", "pk": 37, "fields": {"slug": "AG9gbGqb1DVF2AwcwgiiUn69bbrLtroO", "first_name": "Fecha pos 1 ", "last_name": "Arg\u00fcello Meza", "ci": "1851310", "email": "1851310@cipe.temporal", "phone_number": null, "first_category_scientific_area": "ciencias_sociales", "scientific_area": "otras_sociales", "position": "doctorando", "birth_date": "1988-01-01", "rough_age": 32, "sex": "femenino", "twitter_handler": null, "facebook_profile": null, "gscholar_profile": null, "scopus_profile": null, "linkedin_profile": null, "researchgate_profile": null, "academia_profile": null, "institutional_website": null, "personal_website": null, "orcid_profile": null, "has_becal_scholarship": true, "end_abroad_period": "2022-08-30", "communication_channel": "whatsapp", "approved": true, "created_at": "2019-11-23T17:01:17.463Z", "edited_at": "2019-12-06T16:05:06.226Z","notify_end_abroad_period_has_ended":false}},
   {"model": "app.scientist", "pk": 38, "fields": {"slug": "7UcN0HQ8GrQzFBUAnUvUrd9PpX8U1pFi", "first_name": "test 1", "last_name": "poner un mail valido", "ci": "4125186", "email": "ratowa8543@relumyx.com", "phone_number": null, "first_category_scientific_area": "ciencias_medicas", "scientific_area": "ciencias_salud", "position": "doctorando", "birth_date": "1988-01-01", "rough_age": 32, "sex": "femenino", "twitter_handler": null, "facebook_profile": null, "gscholar_profile": null, "scopus_profile": null, "linkedin_profile": null, "researchgate_profile": null, "academia_profile": null, "institutional_website": null, "personal_website": null, "orcid_profile": null, "has_becal_scholarship": true, "end_abroad_period": "2021-06-1", "communication_channel": "", "approved": true, "created_at": "2019-11-23T17:01:17.482Z", "edited_at": "2019-12-06T16:05:06.268Z","notify_end_abroad_period_has_ended":false}}, 
   {"model": "app.scientist", "pk": 39, "fields": {"slug": "ylgSlWKV80nNn64GTSdTo1OXKrrIcACH", "first_name": "Residente Permanente 2", "last_name": "asdsa", "ci": "2532110", "email": "2532110@cipe.temporal", "phone_number": null, "first_category_scientific_area": "ingenieria", "scientific_area": "otras_ingenierias", "position": "doctorando", "birth_date": "1989-01-01", "rough_age": 31, "sex": "masculino", "twitter_handler": null, "facebook_profile": null, "gscholar_profile": null, "scopus_profile": null, "linkedin_profile": null, "researchgate_profile": null, "academia_profile": null, "institutional_website": null, "personal_website": null, "orcid_profile": null, "has_becal_scholarship": true, "end_abroad_period": null, "communication_channel": "whatsapp", "approved": true, "created_at": "2019-11-23T17:01:17.499Z", "edited_at": "2019-12-06T16:05:06.297Z","notify_end_abroad_period_has_ended":false}}, 
   {"model": "app.scientist", "pk": 40, "fields": {"slug": "p5DGmYZH6bcwAVFjzoWtKdrBcmXIw8yn", "first_name": "Fecha vencida", "last_name": " must be disable", "ci": "1405463", "email": "1405463@cipe.temporal", "phone_number": null, "first_category_scientific_area": "ciencias_sociales", "scientific_area": "otras_sociales", "position": "doctorando", "birth_date": "1986-01-01", "rough_age": 34, "sex": "femenino", "twitter_handler": null, "facebook_profile": null, "gscholar_profile": null, "scopus_profile": null, "linkedin_profile": null, "researchgate_profile": null, "academia_profile": null, "institutional_website": null, "personal_website": null, "orcid_profile": null, "has_becal_scholarship": true, "end_abroad_period": "2018-11-30", "communication_channel": "whatsapp", "approved": true, "created_at": "2019-11-23T17:01:17.512Z", "edited_at": "2019-12-06T16:05:06.299Z","notify_end_abroad_period_has_ended":false}}, 
   {"model": "app.scientist", "pk": 41, "fields": {"slug": "HbWKSGxqLAJ2hslfi4tXyMnmNPITtsjU", "first_name": "Fecha  pos", "last_name": "ASD", "ci": "4735288", "email": "4735288@cipe.temporal", "phone_number": null, "first_category_scientific_area": "ciencias_medicas", "scientific_area": "biotecnologia_medica", "position": "doctorando", "birth_date": "1993-01-01", "rough_age": 27, "sex": "masculino", "twitter_handler": null, "facebook_profile": null, "gscholar_profile": null, "scopus_profile": null, "linkedin_profile": null, "researchgate_profile": null, "academia_profile": null, "institutional_website": null, "personal_website": null, "orcid_profile": null, "has_becal_scholarship": true, "end_abroad_period": "2022-09-30", "communication_channel": "", "approved": true, "created_at": "2019-11-23T17:01:17.529Z", "edited_at": "2019-12-06T16:05:06.320Z","notify_end_abroad_period_has_ended":false}},
    {"model": "app.scientist", "pk": 42, "fields": {"slug": "g1bw43xNcCHTjHm2N2F96zE40KKdBdE8", "first_name": "Test 2", "last_name": "valid email", "ci": "2271427", "email": "olnwhs+1kdxd4lmn3ihs@sharklasers.com", "phone_number": null, "first_category_scientific_area": "ciencias_naturales", "scientific_area": "matematica", "position": "doctorando", "birth_date": "1991-01-01", "rough_age": 29, "sex": "masculino", "twitter_handler": null, "facebook_profile": null, "gscholar_profile": null, "scopus_profile": null, "linkedin_profile": null, "researchgate_profile": null, "academia_profile": null, "institutional_website": null, "personal_website": null, "orcid_profile": null, "has_becal_scholarship": true, "end_abroad_period": "2021-06-1", "communication_channel": "", "approved": true, "created_at": "2019-11-23T17:01:17.538Z", "edited_at": "2019-12-06T16:05:06.324Z","notify_end_abroad_period_has_ended":false}}, 
    {"model": "app.scientist", "pk": 43, "fields": {"slug": "K9mI6E1RNuMTVKQ9XJOIy8WLpdlI9dmS", "first_name": "Fecha vencida", "last_name": "must be desiable", "ci": "2276910", "email": "2276910@cipe.temporal", "phone_number": null, "first_category_scientific_area": "ingenieria", "scientific_area": "ing_civil", "position": "doctorando", "birth_date": "1988-01-01", "rough_age": 32, "sex": "masculino", "twitter_handler": null, "facebook_profile": null, "gscholar_profile": null, "scopus_profile": null, "linkedin_profile": null, "researchgate_profile": null, "academia_profile": null, "institutional_website": null, "personal_website": null, "orcid_profile": null, "has_becal_scholarship": true, "end_abroad_period": "2018-06-30", "communication_channel": "", "approved": true, "created_at": "2019-11-23T17:01:17.552Z", "edited_at": "2019-12-06T16:05:06.331Z","notify_end_abroad_period_has_ended":false}}, 
    {"model": "app.scientist", "pk": 44, "fields": {"slug": "epIMbrN8qVw2oz7gxyRnqJDTJ8FA1hMo", "first_name": "Test 3", "last_name": "asd", "ci": "2817614", "email": "soyla9@jpoundoeoi.com", "phone_number": null, "first_category_scientific_area": "ciencias_medicas", "scientific_area": "medicina_clinica", "position": "doctorando", "birth_date": "1988-01-01", "rough_age": 32, "sex": "masculino", "twitter_handler": null, "facebook_profile": null, "gscholar_profile": null, "scopus_profile": null, "linkedin_profile": null, "researchgate_profile": null, "academia_profile": null, "institutional_website": null, "personal_website": null, "orcid_profile": null, "has_becal_scholarship": true, "end_abroad_period": "2021-06-01", "communication_channel": "", "approved": true, "created_at": "2019-11-23T17:01:17.568Z", "edited_at": "2019-12-06T16:05:06.349Z","notify_end_abroad_period_has_ended":false}}, 
    {"model": "app.scientist", "pk": 45, "fields": {"slug": "lECJQWt4MOaCS6lxZKrrKlatKgCB126s", "first_name": "NOT APPROVED", "last_name": "Lezcano R\u00edos", "ci": "1972733", "email": "1972733@cipe.temporal", "phone_number": null, "first_category_scientific_area": "ingenieria", "scientific_area": "informatica", "position": "doctorando", "birth_date": "1985-01-01", "rough_age": 35, "sex": "masculino", "twitter_handler": null, "facebook_profile": null, "gscholar_profile": null, "scopus_profile": null, "linkedin_profile": null, "researchgate_profile": null, "academia_profile": null, "institutional_website": null, "personal_website": null, "orcid_profile": null, "has_becal_scholarship": true, "end_abroad_period": "2019-08-31", "communication_channel": "", "approved": false, "created_at": "2019-11-23T17:01:17.580Z", "edited_at": "2019-12-06T16:05:06.353Z","notify_end_abroad_period_has_ended":false}},  
    {"model": "app.institution", "pk": 1, "fields": {"name": "Barcelona Supercomputing Center (BSC)", "country": "Espa\u00f1a", "region": "Catalu\u00f1a", "city": "Barcelona", "latitude": 41.389633, "longitude": 2.116217, "postal_code": null, "address": null, "web_page": null, "created_at": "2019-10-21T21:27:43.179Z", "edited_at": null}}, {"model": "app.institution", "pk": 7, "fields": {"name": "University of Oxford", "country": "England", "region": "Oxfordshire", "city": "Oxford", "latitude": 51.7548164, "longitude": -1.2543668000000707, "postal_code": "United Kingdom", "address": "Oxford OX1 2JD, Reino Unido", "web_page": null, "created_at": "2019-10-21T21:27:43.179Z", "edited_at": "2019-12-14T18:02:11.103Z"}}, {"model": "app.institution", "pk": 8, "fields": {"name": "University of Delaware", "country": "United States", "region": "Delaware", "city": "Newark", "latitude": 39.6779504, "longitude": -75.75061140000003, "postal_code": "19716", "address": "Newark, Delaware 19716, EE. UU.", "web_page": null, "created_at": "2019-10-21T21:27:43.179Z", "edited_at": "2019-12-14T16:10:24.996Z"}}, {"model": "app.institution", "pk": 19, "fields": {"name": "Universidad Polit\u00e9cnica De Madrid", "country": "Espa\u00f1a", "region": "Comunidad de Madrid", "city": "Madrid", "latitude": 40.4486372, "longitude": -3.7192798, "postal_code": "28040", "address": "28040 Madrid, Espa\u00f1a", "web_page": null, "created_at": "2019-11-23T16:20:12.806Z", "edited_at": "2019-12-14T16:10:18.179Z"}}, {"model": "app.institution", "pk": 20, "fields": {"name": "Universidad De Valencia", "country": "Espa\u00f1a", "region": "Comunidad Valenciana", "city": "Val\u00e8ncia", "latitude": 39.4793254, "longitude": -0.3593863, "postal_code": "46010", "address": "Av. de Blasco Ib\u00e1\u00f1ez, 13, 46010 Val\u00e8ncia, Valencia, Espa\u00f1a", "web_page": null, "created_at": "2019-11-23T16:22:08.190Z", "edited_at": "2019-12-14T16:10:09.022Z"}}, {"model": "app.institution", "pk": 21, "fields": {"name": "Universidad Polit\u00e9cnica De Valencia", "country": "Espa\u00f1a", "region": "Comunidad Valenciana", "city": "Val\u00e8ncia", "latitude": 39.4807985, "longitude": -0.3406299, "postal_code": "46022", "address": "Cam\u00ed de Vera, s/n, 46022 Val\u00e8ncia, Valencia, Espa\u00f1a", "web_page": null, "created_at": "2019-11-23T16:22:08.779Z", "edited_at": "2019-12-14T16:10:18.750Z"}}, {"model": "app.institution", "pk": 22, "fields": {"name": "Universidad De Barcelona", "country": "Espa\u00f1a", "region": "Catalu\u00f1a", "city": "Barcelona", "latitude": 41.386608, "longitude": 2.16402, "postal_code": "08007", "address": "Gran Via de les Corts Catalanes, 585, 08007 Barcelona, Espa\u00f1a", "web_page": null, "created_at": "2019-11-23T16:22:11.979Z", "edited_at": "2019-12-14T16:09:42.602Z"}}, {"model": "app.institution", "pk": 23, "fields": {"name": "Universidad Royal Holloway Of London", "country": "Reino Unido", "region": "England", "city": "London", "latitude": 51.5198309, "longitude": -0.1295162, "postal_code": "WC1B 3RF", "address": "11 Bedford Square, Bloomsbury, London WC1B 3RF, Reino Unido", "web_page": null, "created_at": "2019-11-23T16:51:36.709Z", "edited_at": "2019-12-14T18:02:07.621Z"}}, {"model": "app.institution", "pk": 24, "fields": {"name": "Universidad De Aix Marseille", "country": "Francia", "region": "", "city": "Marseille", "latitude": 43.2935878, "longitude": 5.3579716, "postal_code": "13007", "address": "Jardin du Pharo, 58 Boulevard Charles Livon, 13007 Marseille, Francia", "web_page": null, "created_at": "2019-11-23T16:51:37.263Z", "edited_at": "2019-12-14T16:09:40.942Z"}}, {"model": "app.institution", "pk": 25, "fields": {"name": "Universidad De Porto", "country": "Portugal", "region": "Porto", "city": "Porto", "latitude": 41.1465479, "longitude": -8.6156998, "postal_code": "4099-002", "address": "Pra\u00e7a de Gomes Teixeira, 4099-002 Porto, Portugal", "web_page": null, "created_at": "2019-11-23T16:51:37.982Z", "edited_at": "2019-12-14T16:10:04.824Z"}}, {"model": "app.institution", "pk": 26, "fields": {"name": "Universidad Polit\u00e9cnica De Catalu\u00f1a", "country": "Espa\u00f1a", "region": "", "city": "Barcelona", "latitude": 41.388004, "longitude": 2.1132804, "postal_code": "08034", "address": "Campus Nord, Carrer de Jordi Girona, 1, 3, 08034 Barcelona, Espa\u00f1a", "web_page": null, "created_at": "2019-11-23T16:51:38.697Z", "edited_at": "2019-12-14T16:10:17.727Z"}}, {"model": "app.institution", "pk": 27, "fields": {"name": "Universidad De Chile", "country": "Chile", "region": "Regi\u00f3n Metropolitana", "city": "Santiago", "latitude": -33.4578922, "longitude": -70.6645158, "postal_code": "", "address": "Av. Beaucheff 851, Santiago, Regi\u00f3n Metropolitana, Chile", "web_page": null, "created_at": "2019-11-24T14:48:20.937Z", "edited_at": "2019-12-14T16:09:46.597Z"}}, {"model": "app.institution", "pk": 28, "fields": {"name": "Universidad De Cornell", "country": "Estados Unidos", "region": "New York", "city": "Ithaca", "latitude": 42.4534492, "longitude": -76.4735027, "postal_code": "14850", "address": "Ithaca, NY 14850, EE. UU.", "web_page": null, "created_at": "2019-11-24T14:48:21.571Z", "edited_at": "2019-12-14T16:09:48.048Z"}}, {"model": "app.institution", "pk": 29, "fields": {"name": "Universidad De Bremen", "country": "Alemania", "region": "Bremen", "city": "Bremen", "latitude": 53.1067804, "longitude": 8.8520585, "postal_code": "28359", "address": "Bibliothekstra\u00dfe 1, 28359 Bremen, Alemania", "web_page": null, "created_at": "2019-11-24T14:48:22.286Z", "edited_at": "2019-12-14T16:09:43.202Z"}}, {"model": "app.institution", "pk": 30, "fields": {"name": "Universidad Complutense De Madrid", "country": "Espa\u00f1a", "region": "Comunidad de Madrid", "city": "Madrid", "latitude": 40.4375731, "longitude": -3.7252231, "postal_code": "28040", "address": "Av. S\u00e9neca, 2, 28040 Madrid, Espa\u00f1a", "web_page": null, "created_at": "2019-11-24T14:48:23.110Z", "edited_at": "2019-12-14T16:09:40.493Z"}}, {"model": "app.institution", "pk": 31, "fields": {"name": "Universidad De Buenos Aires (Uba)", "country": "Argentina", "region": "Buenos Aires", "city": "Buenos Aires", "latitude": -34.5998875, "longitude": -58.37306949999999, "postal_code": "C1053", "address": "Viamonte 430, C1053 CABA, Argentina", "web_page": null, "created_at": "2019-11-24T14:48:23.829Z", "edited_at": "2019-12-14T17:55:05.629Z"}}, {"model": "app.institution", "pk": 32, "fields": {"name": "Universidad Aut\u00f3noma De Barcelona", "country": "Espa\u00f1a", "region": "Catalunya", "city": "Bellaterra", "latitude": 41.5019255, "longitude": 2.1048538, "postal_code": "08193", "address": "Campus de la UAB, Pla\u00e7a C\u00edvica, 08193 Bellaterra, Barcelona, Espa\u00f1a", "web_page": null, "created_at": "2019-11-24T14:48:24.437Z", "edited_at": "2019-12-14T16:09:38.814Z"}}, {"model": "app.institution", "pk": 33, "fields": {"name": "Universidad De S\u00e3o Paulo", "country": "Brasil", "region": "Estado de S\u00e3o Paulo", "city": "Estado de S\u00e3o Paulo", "latitude": -23.5613991, "longitude": -46.7307891, "postal_code": "", "address": "Butanta, S\u00e3o Paulo - Estado de S\u00e3o Paulo, Brasil", "web_page": null, "created_at": "2019-11-24T14:48:25.448Z", "edited_at": "2019-12-14T18:01:00.653Z"}}, {"model": "app.institution", "pk": 34, "fields": {"name": "Universidad Estatal De Campi\u00f1as", "country": "Brasil", "region": "S\u00e3o Paulo", "city": "S\u00e3o Paulo", "latitude": -22.8184393, "longitude": -47.0647206, "postal_code": "13083-970", "address": "Cidade Universit\u00e1ria Zeferino Vaz - Bar\u00e3o Geraldo, Campinas - SP, 13083-970, Brasil", "web_page": null, "created_at": "2019-11-24T14:48:26.071Z", "edited_at": "2019-12-14T18:02:05.367Z"}}, {"model": "app.institution", "pk": 35, "fields": {"name": "Universidad De Helsinki", "country": "Finlandia", "region": "", "city": "Helsinki", "latitude": 60.1726348, "longitude": 24.9510419, "postal_code": "00100", "address": "Yliopistonkatu 4, 00100 Helsinki, Finlandia", "web_page": null, "created_at": "2019-11-24T14:48:26.894Z", "edited_at": "2019-12-14T16:09:52.433Z"}}, {"model": "app.institution", "pk": 36, "fields": {"name": "Universidad De Nebraska-Lincoln", "country": "Estados Unidos", "region": "Nebraska", "city": "Lincoln", "latitude": 40.8201966, "longitude": -96.70047629999999, "postal_code": "68588", "address": "1400 R St, Lincoln, NE 68588, EE. UU.", "web_page": null, "created_at": "2019-11-24T14:48:27.835Z", "edited_at": "2019-12-14T16:10:00.727Z"}}, {"model": "app.institution", "pk": 37, "fields": {"name": "Universidad Claude Bernard", "country": "Francia", "region": "Villeurbanne", "city": "Lyon", "latitude": 45.7795908, "longitude": 4.863413817, "postal_code": "69100", "address": null, "web_page": null, "created_at": "2019-11-24T14:54:05.848Z", "edited_at": "2019-12-14T17:51:05.220Z"}}, {"model": "app.institution", "pk": 38, "fields": {"name": "Universidad De Sussex", "country": "Reino Unido", "region": "England", "city": "Falmer", "latitude": 50.86708950000001, "longitude": -0.08791399999999999, "postal_code": "BN1 9RH", "address": "Falmer, Brighton BN1 9RH, Reino Unido", "web_page": null, "created_at": "2019-11-24T14:55:03.082Z", "edited_at": "2019-12-14T16:10:07.794Z"}}, {"model": "app.institution", "pk": 39, "fields": {"name": "Pontificia Universidad Cat\u00f3lica De Chile", "country": "Chile", "region": "Regi\u00f3n Metropolitana", "city": "Santiago", "latitude": -33.4419156, "longitude": -70.6400335, "postal_code": "", "address": "Av Libertador Bernardo O'Higgins 340, Santiago, Regi\u00f3n Metropolitana, Chile", "web_page": null, "created_at": "2019-11-24T14:55:03.629Z", "edited_at": "2019-12-14T16:09:37.279Z"}}, {"model": "app.institution", "pk": 40, "fields": {"name": "Universidad De Estrasburgo", "country": "Francia", "region": "", "city": "Strasbourg", "latitude": 48.5790692, "longitude": 7.766454499999999, "postal_code": "67081", "address": "4 Rue Blaise Pascal, 67081 Strasbourg, Francia", "web_page": null, "created_at": "2019-11-24T14:55:04.208Z", "edited_at": "2019-12-14T16:09:48.645Z"}}, {"model": "app.institution", "pk": 41, "fields": {"name": "Universidad De Melbourne", "country": "Australia", "region": "Victoria", "city": "Parkville", "latitude": -37.7983459, "longitude": 144.960974, "postal_code": "3010", "address": "Parkville Victoria 3010, Australia", "web_page": null, "created_at": "2019-11-24T14:55:05.130Z", "edited_at": "2019-12-14T16:09:58.577Z"}}, {"model": "app.institution", "pk": 42, "fields": {"name": "Universidad Pompeu Fabra", "country": "Espa\u00f1a", "region": "Catalunya", "city": "Barcelona", "latitude": 41.3789689, "longitude": 2.179794100000001, "postal_code": "08002", "address": "Pla\u00e7a de la Merc\u00e8, 10, 08002 Barcelona, Espa\u00f1a", "web_page": null, "created_at": "2019-11-24T14:55:05.829Z", "edited_at": "2019-12-14T16:10:19.364Z"}}, {"model": "app.institution", "pk": 43, "fields": {"name": "Universidad Agropar\u00eds Tech", "country": "Francia", "region": "\u00cele-de-France", "city": "Paris", "latitude": 48.8397733, "longitude": 2.3476575, "postal_code": "75231", "address": "140 Rue du Chevaleret, 75013 Paris, Francia", "web_page": null, "created_at": "2019-11-24T14:55:06.871Z", "edited_at": "2019-12-14T16:09:37.994Z"}}, {"model": "app.institution", "pk": 44, "fields": {"name": "Universidad De Minnesota", "country": "Estados Unidos", "region": "Minnesota", "city": "Minneapolis", "latitude": 44.97399, "longitude": -93.2277285, "postal_code": "55455", "address": "Minneapolis, MN 55455, EE. UU.", "web_page": null, "created_at": "2019-11-24T14:55:07.427Z", "edited_at": "2019-12-14T16:09:59.308Z"}}, {"model": "app.institution", "pk": 45, "fields": {"name": "Universidad De Mannheim", "country": "Alemania", "region": "Baden-Wurtemberg", "city": "Mannheim", "latitude": 49.48371059999999, "longitude": 8.4622333, "postal_code": "68131", "address": "68131 Mannheim, Alemania", "web_page": null, "created_at": "2019-11-24T14:55:08.100Z", "edited_at": "2019-12-14T16:09:57.040Z"}}, {"model": "app.institution", "pk": 46, "fields": {"name": "Universidad Rice", "country": "Estados Unidos", "region": "Texas", "city": "Houston", "latitude": 29.7173941, "longitude": -95.40183119999999, "postal_code": "77005", "address": "6100 Main St, Houston, TX 77005, EE. UU.", "web_page": null, "created_at": "2019-11-24T14:55:08.818Z", "edited_at": "2019-12-14T16:10:19.979Z"}}, {"model": "app.institution", "pk": 47, "fields": {"name": "Universidad De Ghent", "country": "B\u00e9lgica", "region": "Vlaanderen", "city": "Gent", "latitude": 51.0465619, "longitude": 3.727918099999999, "postal_code": "9000", "address": "St. Pietersnieuwstraat 33, 9000 Gent, B\u00e9lgica", "web_page": null, "created_at": "2019-11-24T14:55:09.432Z", "edited_at": "2019-12-14T16:09:50.333Z"}}, {"model": "app.institution", "pk": 48, "fields": {"name": "Universidad De Alberta", "country": "Canad\u00e1", "region": "Alberta", "city": "Edmonton", "latitude": 53.5232189, "longitude": -113.5263186, "postal_code": "T6G 2R3", "address": "116 St & 85 Ave, Edmonton, AB T6G 2R3, Canad\u00e1", "web_page": null, "created_at": "2019-11-24T14:55:10.355Z", "edited_at": "2019-12-14T16:09:41.787Z"}}, {"model": "app.institution", "pk": 49, "fields": {"name": "Universidad De Wageningen", "country": "Pa\u00edses Bajos", "region": "G\u00fceldres", "city": "Wageningen", "latitude": 51.9845558, "longitude": 5.6657696, "postal_code": "6708 PB", "address": "6708 PB Wageningen, Pa\u00edses Bajos", "web_page": null, "created_at": "2019-11-24T14:55:10.968Z", "edited_at": "2019-12-14T16:10:09.738Z"}}, {"model": "app.institution", "pk": 50, "fields": {"name": "Universidad De Granada", "country": "Espa\u00f1a", "region": "", "city": "Granada", "latitude": 37.1795801, "longitude": -3.6093608, "postal_code": "", "address": "universidad de, 18003 Granada, Espa\u00f1a", "web_page": null, "created_at": "2019-11-24T14:56:40.160Z", "edited_at": "2019-12-14T16:09:50.999Z"}}, {"model": "app.institution", "pk": 51, "fields": {"name": "Universidad De Harvard", "country": "Estados Unidos", "region": "Massachusetts", "city": "Cambridge", "latitude": 42.3770029, "longitude": -71.11666009999999, "postal_code": "", "address": "Cambridge, MA, EE. UU.", "web_page": null, "created_at": "2019-11-24T14:56:40.856Z", "edited_at": "2019-12-14T16:09:51.715Z"}}, {"model": "app.institution", "pk": 52, "fields": {"name": "Universidad Estadual Paulista", "country": "Brasil", "region": "S\u00e3o Paulo", "city": "S\u00e3o Paulo", "latitude": -20.4173237, "longitude": -51.3336692, "postal_code": "15385-000", "address": "Av. Jos\u00e9 Bonif\u00e1cio, 1970 - Centro, Araraquara - SP, 14801-150, Brasil", "web_page": null, "created_at": "2019-11-24T14:56:41.386Z", "edited_at": "2019-12-14T18:02:04.551Z"}}, {"model": "app.institution", "pk": 53, "fields": {"name": "Universidad King'S College London", "country": "Reino Unido", "region": "England", "city": "London", "latitude": 51.5114864, "longitude": -0.115997, "postal_code": "WC2R 2LS", "address": "Strand, London WC2R 2LS, Reino Unido", "web_page": null, "created_at": "2019-11-24T14:56:42.241Z", "edited_at": "2019-12-14T18:02:06.905Z"}}, {"model": "app.institution", "pk": 54, "fields": {"name": "\u00c9cole Des Hautes \u00c9tudes En Sciences Sociales (Ehess) / Paris Sciences Et Lettres (Psl) / \u00c9cole Normale Sup\u00e9rieure (Ens)", "country": "Francia", "region": "\u00cele-de-France", "city": "Paris", "latitude": 48.8546601, "longitude": 2.3378212, "postal_code": "75006", "address": "60 Rue Mazarine, 75006 Paris, Francia", "web_page": null, "created_at": "2019-11-24T14:56:42.870Z", "edited_at": "2019-12-14T16:09:35.131Z"}}, {"model": "app.institution", "pk": 55, "fields": {"name": "Universidad Freie Berl\u00edn", "country": "Alemania", "region": "Berlin", "city": "Berlin", "latitude": 52.517883, "longitude": 13.3936551, "postal_code": "10117", "address": "Kaiserswerther Str. 16-18, 14195 Berlin, Alemania", "web_page": null, "created_at": "2019-11-24T14:56:43.741Z", "edited_at": "2019-12-14T16:10:15.397Z"}}, {"model": "app.institution", "pk": 56, "fields": {"name": "Universidad De Columbia", "country": "Estados Unidos", "region": "New York", "city": "Nueva York", "latitude": 40.8075355, "longitude": -73.9625727, "postal_code": "10027", "address": "Nueva York, 10027, EE. UU.", "web_page": null, "created_at": "2019-11-24T14:56:44.584Z", "edited_at": "2019-12-14T16:09:47.517Z"}}, {"model": "app.institution", "pk": 57, "fields": {"name": "Erasmus University Rotterdam", "country": "Pa\u00edses Bajos", "region": "Zuid-Holland", "city": "Rotterdam", "latitude": 51.91752, "longitude": 4.525585, "postal_code": "3062 PA", "address": "Burgemeester Oudlaan 50, 3062 PA Rotterdam, Pa\u00edses Bajos", "web_page": null, "created_at": "2019-11-24T14:56:45.175Z", "edited_at": "2019-12-14T16:09:35.844Z"}}, {"model": "app.institution", "pk": 58, "fields": {"name": "Universidad Federal Toulouse", "country": "Francia", "region": "Occitanie", "city": "Toulouse", "latitude": 43.5948995, "longitude": 1.4513862, "postal_code": "31000", "address": "41 All\u00e9e Jules Guesde, 31000 Toulouse, Francia", "web_page": null, "created_at": "2019-11-24T14:56:45.684Z", "edited_at": "2019-12-14T16:10:14.631Z"}}, {"model": "app.institution", "pk": 59, "fields": {"name": "Universidad De Par\u00eds Saclay", "country": "Francia", "region": "", "city": "Saint-Aubin", "latitude": 48.70783489999999, "longitude": 2.1525234, "postal_code": "91190", "address": "Espace Technologique Bat. Discovery - RD 128 - 2e \u00e9t, 91190 Saint-Aubin, Francia", "web_page": null, "created_at": "2019-11-24T14:56:46.458Z", "edited_at": "2019-12-14T16:10:03.902Z"}}, {"model": "app.institution", "pk": 60, "fields": {"name": "Universidad De Lyon", "country": "Francia", "region": "Auvergne-Rh\u00f4ne-Alpes", "city": "Lyon", "latitude": 45.7494529, "longitude": 4.837149699999999, "postal_code": "69007", "address": "92 Rue Pasteur, 69007 Lyon, Francia", "web_page": null, "created_at": "2019-11-24T14:56:47.223Z", "edited_at": "2019-12-14T16:09:56.426Z"}}, {"model": "app.institution", "pk": 61, "fields": {"name": "Universidad Imperial College London", "country": "Reino Unido", "region": "Inglaterra", "city": "Londres", "latitude": 51.49879970000001, "longitude": -0.1748772, "postal_code": "SW7 2AZ", "address": "South Kensington, Londres SW7 2AZ, Reino Unido", "web_page": null, "created_at": "2019-11-24T14:56:48.145Z", "edited_at": "2019-12-14T18:02:06.084Z"}}, {"model": "app.institution", "pk": 62, "fields": {"name": "Universidad De Maryland", "country": "Estados Unidos", "region": "Maryland", "city": "College Park", "latitude": 38.9869183, "longitude": -76.9425543, "postal_code": "20742", "address": "College Park, MD 20742, EE. UU.", "web_page": null, "created_at": "2019-11-24T14:56:48.964Z", "edited_at": "2019-12-14T16:09:57.758Z"}}, {"model": "app.institution", "pk": 63, "fields": {"name": "Universidad De Iowa State", "country": "Estados Unidos", "region": "Iowa", "city": "Des Moines", "latitude": 42.0251323, "longitude": -93.64913089999999, "postal_code": "50010", "address": "406 Locust St, Des Moines, IA 50309, EE. UU.", "web_page": null, "created_at": "2019-11-24T14:56:49.988Z", "edited_at": "2019-12-14T16:09:54.993Z"}}, {"model": "app.institution", "pk": 64, "fields": {"name": "Universidad Ucl (University College Of London)", "country": "Reino Unido", "region": "England", "city": "London", "latitude": 51.52455920000001, "longitude": -0.1340401, "postal_code": "WC1E 6BT", "address": "Gower St, Bloomsbury, London WC1E 6BT, Reino Unido", "web_page": null, "created_at": "2019-11-24T14:56:50.706Z", "edited_at": "2019-12-14T18:02:09.264Z"}}, {"model": "app.institution", "pk": 65, "fields": {"name": "Universidad De Illinois, Chicago", "country": "Estados Unidos", "region": "Illinois", "city": "Chicago", "latitude": 41.8697938, "longitude": -87.6496336, "postal_code": "60607", "address": "1200 W Harrison St, Chicago, IL 60607, EE. UU.", "web_page": null, "created_at": "2019-11-24T14:56:51.635Z", "edited_at": "2019-12-14T16:09:53.968Z"}}, {"model": "app.institution", "pk": 66, "fields": {"name": "Universidad De Florida", "country": "Estados Unidos", "region": "Florida", "city": "Gainesville", "latitude": 29.6436325, "longitude": -82.3549302, "postal_code": "32611", "address": "Gainesville, Florida 32611, EE. UU.", "web_page": null, "created_at": "2019-11-24T14:56:52.345Z", "edited_at": "2019-12-14T16:09:49.258Z"}}, {"model": "app.institution", "pk": 67, "fields": {"name": "Massachusetts Institute Of Technology (Mit)", "country": "Estados Unidos", "region": "Massachusetts", "city": "Cambridge", "latitude": 42.360091, "longitude": -71.09416, "postal_code": "02139", "address": "77 Massachusetts Ave, Cambridge, MA 02139, EE. UU.", "web_page": null, "created_at": "2019-11-24T14:56:53.059Z", "edited_at": "2019-12-14T16:09:36.641Z"}}, {"model": "app.institution", "pk": 68, "fields": {"name": "Universidad De Illinois Urbana- Champaign", "country": "Estados Unidos", "region": "Illinois", "city": "Urbana", "latitude": 40.1066137, "longitude": -88.22819659999999, "postal_code": "61801", "address": "Lincoln Hall, 702 S Wright St, Urbana, IL 61801, EE. UU.", "web_page": null, "created_at": "2019-11-24T14:56:53.880Z", "edited_at": "2019-12-14T16:09:53.160Z"}}, {"model": "app.institution", "pk": 69, "fields": {"name": "Universidad De California, Berkley (Ucb)", "country": "Estados Unidos", "region": "California", "city": "Berkeley", "latitude": 37.8718992, "longitude": -122.2585399, "postal_code": "", "address": "Berkeley, CA, EE. UU.", "web_page": null, "created_at": "2019-11-24T14:56:54.903Z", "edited_at": "2019-12-14T16:09:44.958Z"}}, {"model": "app.institution", "pk": 70, "fields": {"name": "Universidad Estatal De Pennsylvania", "country": "Estados Unidos", "region": "Pennsylvania", "city": "State College", "latitude": 40.7982133, "longitude": -77.8599084, "postal_code": "16801", "address": "State College, PA 16801, EE. UU.", "web_page": null, "created_at": "2019-11-24T14:56:55.518Z", "edited_at": "2019-12-14T16:10:14.040Z"}}, {"model": "app.institution", "pk": 71, "fields": {"name": "Universidad De Western Australia", "country": "Australia", "region": "Western Australia", "city": "Crawley", "latitude": -31.98006869999999, "longitude": 115.817898, "postal_code": "6009", "address": "35 Stirling Hwy, Crawley WA 6009, Australia", "web_page": null, "created_at": "2019-11-24T14:56:56.226Z", "edited_at": "2019-12-14T16:10:11.377Z"}}, {"model": "app.institution", "pk": 72, "fields": {"name": "Universidad De Navarra", "country": "Espa\u00f1a", "region": "", "city": "Pamplona", "latitude": 42.8014918, "longitude": -1.6597366, "postal_code": "31009", "address": "Campus Universitario, 31009 Pamplona, Navarra, Espa\u00f1a", "web_page": null, "created_at": "2019-11-24T14:56:56.746Z", "edited_at": "2019-12-14T16:09:59.908Z"}}, {"model": "app.institution", "pk": 73, "fields": {"name": "Universidad Aut\u00f3noma De Madrid", "country": "Espa\u00f1a", "region": "Comunidad de Madrid", "city": "Madrid", "latitude": 40.5466983, "longitude": -3.6943619, "postal_code": "28049", "address": "Ciudad Universitaria de Cantoblanco, 28049 Madrid, Espa\u00f1a", "web_page": null, "created_at": "2019-11-24T14:56:57.369Z", "edited_at": "2019-12-14T16:09:39.532Z"}}, {"model": "app.institution", "pk": 74, "fields": {"name": "Lmu Munich", "country": "Alemania", "region": "Bayern", "city": "M\u00fcnchen", "latitude": 48.1504827, "longitude": 11.5802362, "postal_code": "80539", "address": "Geschwister-Scholl-Platz 1, 80539 M\u00fcnchen, Alemania", "web_page": null, "created_at": "2019-11-24T14:56:58.166Z", "edited_at": "2019-12-14T16:09:36.561Z"}}, {"model": "app.institution", "pk": 75, "fields": {"name": "Universidad Trinity College Dublin", "country": "Irlanda", "region": "County Dublin", "city": "Dublin 2", "latitude": 53.3437935, "longitude": -6.254571599999999, "postal_code": "", "address": "College Green, Dublin 2, Co. Dublin, Irlanda", "web_page": null, "created_at": "2019-11-24T14:56:59.101Z", "edited_at": "2019-12-14T18:02:08.440Z"}}, {"model": "app.institution", "pk": 76, "fields": {"name": "Universidad De Freiburg", "country": "Alemania", "region": "Baden-W\u00fcrttemberg", "city": "Freiburg im Breisgau", "latitude": 47.9935441, "longitude": 7.845949599999999, "postal_code": "79085", "address": "Fahnenbergplatz, 79085 Freiburg im Breisgau, Alemania", "web_page": null, "created_at": "2019-11-24T14:56:59.717Z", "edited_at": "2019-12-14T16:09:49.874Z"}}, {"model": "app.institution", "pk": 77, "fields": {"name": "Universidad De St.Gallen (Hsg)", "country": "Suiza", "region": "Sankt Gallen", "city": "St. Gallen", "latitude": 47.4321575, "longitude": 9.3755673, "postal_code": "9000", "address": "Dufourstrasse 50, 9000 St. Gallen, Suiza", "web_page": null, "created_at": "2019-11-24T14:57:00.590Z", "edited_at": "2019-12-14T16:10:07.178Z"}}, {"model": "app.institution", "pk": 78, "fields": {"name": "Universidad De New York", "country": "Estados Unidos", "region": "Nueva York", "city": "Nueva York", "latitude": 40.72951339999999, "longitude": -73.9964609, "postal_code": "10003", "address": "Nueva York, 10003, EE. UU.", "web_page": null, "created_at": "2019-11-24T14:57:01.457Z", "edited_at": "2019-12-14T16:10:01.342Z"}}, {"model": "app.institution", "pk": 79, "fields": {"name": "Universidad De Par\u00eds 5 (Descartes)", "country": "Francia", "region": "\u00cele-de-France", "city": "Paris", "latitude": 48.8512215, "longitude": 2.3408287, "postal_code": "75006", "address": "12 Rue de l'\u00c9cole de M\u00e9decine, 75006 Paris, Francia", "web_page": null, "created_at": "2019-11-24T14:57:01.971Z", "edited_at": "2019-12-14T16:10:02.572Z"}}, {"model": "app.institution", "pk": 80, "fields": {"name": "Universidad De Sheffield", "country": "Reino Unido", "region": "England", "city": "Sheffield", "latitude": 53.3809409, "longitude": -1.4879469, "postal_code": "S10 2TN", "address": "Western Bank, Sheffield S10 2TN, Reino Unido", "web_page": null, "created_at": "2019-11-24T14:57:02.788Z", "edited_at": "2019-12-14T18:01:01.369Z"}}, {"model": "app.institution", "pk": 81, "fields": {"name": "Universidad De Toulouse", "country": "Francia", "region": "Occitanie", "city": "Toulouse", "latitude": 43.5794449, "longitude": 1.4031948, "postal_code": "31058", "address": "5 All\u00e9e Antonio Machado, 31058 Toulouse, Francia", "web_page": null, "created_at": "2019-11-24T14:57:03.401Z", "edited_at": "2019-12-14T16:10:08.305Z"}}, {"model": "app.institution", "pk": 82, "fields": {"name": "Universidad De Par\u00eds 7 (Diderot)", "country": "Francia", "region": "\u00cele-de-France", "city": "Paris", "latitude": 48.8277665, "longitude": 2.3822233, "postal_code": "75013", "address": "5 Rue Thomas Mann, 75013 Paris, Francia", "web_page": null, "created_at": "2019-11-24T14:57:04.001Z", "edited_at": "2019-12-14T16:10:03.175Z"}}, {"model": "app.institution", "pk": 83, "fields": {"name": "Universidad De Warwick", "country": "Reino Unido", "region": "England", "city": "Coventry", "latitude": 52.3792525, "longitude": -1.5614704, "postal_code": "CV4 7AL", "address": "Coventry CV4 7AL, Reino Unido", "web_page": null, "created_at": "2019-11-24T14:57:04.733Z", "edited_at": "2019-12-14T18:01:22.089Z"}}, {"model": "app.institution", "pk": 84, "fields": {"name": "Universidad De Par\u00eds - Sud", "country": "Francia", "region": "\u00cele-de-France", "city": "Orsay", "latitude": 48.7028239, "longitude": 2.174252, "postal_code": "91400", "address": "15 Rue Georges Clemenceau, 91400 Orsay, Francia", "web_page": null, "created_at": "2019-11-24T14:57:05.451Z", "edited_at": "2019-12-14T16:10:01.956Z"}}, {"model": "app.institution", "pk": 85, "fields": {"name": "Universidad De Zurich", "country": "Suiza", "region": "Z\u00fcrich", "city": "Z\u00fcrich", "latitude": 47.3743221, "longitude": 8.550981199999999, "postal_code": "8006", "address": "R\u00e4mistrasse 71, 8006 Z\u00fcrich, Suiza", "web_page": null, "created_at": "2019-11-24T14:57:06.166Z", "edited_at": "2019-12-14T16:10:12.096Z"}}, {"model": "app.institution", "pk": 86, "fields": {"name": "Universit\u00e9 Par\u00eds Diderot - Par\u00eds 7", "country": "Francia", "region": "\u00cele-de-France", "city": "Paris", "latitude": 48.8759161, "longitude": 2.3618387, "postal_code": "75010", "address": "10 Avenue de Verdun, 75010 Paris, Francia", "web_page": null, "created_at": "2019-11-24T14:57:06.884Z", "edited_at": "2019-12-14T16:10:22.848Z"}}, {"model": "app.institution", "pk": 87, "fields": {"name": "Universit\u00e9 Paris-Sud", "country": "Francia", "region": "\u00cele-de-France", "city": "Orsay", "latitude": 48.7028239, "longitude": 2.174252, "postal_code": "91400", "address": "15 Rue Georges Clemenceau, 91400 Orsay, Francia", "web_page": null, "created_at": "2019-11-24T14:57:07.359Z", "edited_at": "2019-12-14T16:10:23.235Z"}}, {"model": "app.institution", "pk": 88, "fields": {"name": "Universidad De Leeds", "country": "Reino Unido", "region": "England", "city": "Leeds", "latitude": 53.8066815, "longitude": -1.5550328, "postal_code": "LS2 9JT", "address": "Leeds LS2 9JT, Reino Unido", "web_page": null, "created_at": "2019-11-24T14:57:08.052Z", "edited_at": "2019-12-14T17:57:33.395Z"}}, {"model": "app.institution", "pk": 89, "fields": {"name": "University College Of London", "country": "Reino Unido", "region": "England", "city": "London", "latitude": 51.52455920000001, "longitude": -0.1340401, "postal_code": "WC1E 6BT", "address": "Gower St, Bloomsbury, London WC1E 6BT, Reino Unido", "web_page": null, "created_at": "2019-11-24T14:57:08.831Z", "edited_at": "2019-12-14T18:02:09.976Z"}}, {"model": "app.institution", "pk": 90, "fields": {"name": "Universidad De California, San Diego", "country": "Estados Unidos", "region": "California", "city": "La Jolla", "latitude": 32.8800604, "longitude": -117.2340135, "postal_code": "92093", "address": "9500 Gilman Dr, La Jolla, CA 92093, EE. UU.", "web_page": null, "created_at": "2019-11-24T14:57:09.547Z", "edited_at": "2019-12-14T16:09:45.777Z"}}, {"model": "app.affiliation", "pk": 1, "fields": {"scientist": 1, "institution": 1, "current": true, "joined_date": "2019-02-01", "departure_date": null, "created_at": "2019-10-21T21:27:42.965Z", "edited_at": null}}, {"model": "app.affiliation", "pk": 36, "fields": {"scientist": 37, "institution": 19, "current": true, "joined_date": "2015-09-01", "departure_date": null, "created_at": "2019-11-23T17:01:17.474Z", "edited_at": "2019-11-23T17:01:17.474Z"}}, {"model": "app.affiliation", "pk": 37, "fields": {"scientist": 38, "institution": 20, "current": true, "joined_date": "2015-10-01", "departure_date": null, "created_at": "2019-11-23T17:01:17.493Z", "edited_at": "2019-11-23T17:01:17.493Z"}}, {"model": "app.affiliation", "pk": 38, "fields": {"scientist": 39, "institution": 21, "current": true, "joined_date": "2015-10-01", "departure_date": null, "created_at": "2019-11-23T17:01:17.507Z", "edited_at": "2019-11-23T17:01:17.507Z"}}, {"model": "app.affiliation", "pk": 39, "fields": {"scientist": 40, "institution": 20, "current": true, "joined_date": "2015-11-10", "departure_date": null, "created_at": "2019-11-23T17:01:17.523Z", "edited_at": "2019-11-23T17:01:17.523Z"}}, {"model": "app.affiliation", "pk": 40, "fields": {"scientist": 41, "institution": 23, "current": true, "joined_date": "2015-09-21", "departure_date": null, "created_at": "2019-11-23T17:01:17.533Z", "edited_at": "2019-11-23T17:01:17.533Z"}}, {"model": "app.affiliation", "pk": 41, "fields": {"scientist": 42, "institution": 24, "current": true, "joined_date": "2015-10-01", "departure_date": null, "created_at": "2019-11-23T17:01:17.547Z", "edited_at": "2019-11-23T17:01:17.547Z"}}, {"model": "app.affiliation", "pk": 42, "fields": {"scientist": 43, "institution": 25, "current": true, "joined_date": "2015-09-14", "departure_date": null, "created_at": "2019-11-23T17:01:17.558Z", "edited_at": "2019-11-23T17:01:17.558Z"}}, {"model": "app.affiliation", "pk": 43, "fields": {"scientist": 44, "institution": 22, "current": true, "joined_date": "2015-09-01", "departure_date": null, "created_at": "2019-11-23T17:01:17.574Z", "edited_at": "2019-11-23T17:01:17.574Z"}}, {"model": "app.affiliation", "pk": 44, "fields": {"scientist": 45, "institution": 26, "current": true, "joined_date": "2015-09-15", "departure_date": null, "created_at": "2019-11-23T17:01:17.592Z", "edited_at": "2019-11-23T17:01:17.592Z"}},
    {"model": "auth.user", "pk": 1, "fields": {"password": "pbkdf2_sha256$150000$d09ZsBXyiK7V$va2uYDQd8n6qG8O5BdVWduXmvHanUgrZog4LePqx6ZU=", "last_login": "2019-12-06T17:46:02.871Z", "is_superuser": true, "username": "admin", "first_name": "", "last_name": "", "email": "jorgesaldivar@gmail.com", "is_staff": true, "is_active": true, "date_joined": "2019-06-24T11:56:30.074Z", "groups": [], "user_permissions": []}}, {"model": "sessions.session", "pk": "02hk5ev1j72p0gegwwd3ilvbuorbkg3r", "fields": {"session_data": "NDg1MDU1NzRjMjI1NGViNGQ5ZDljZjM4Nzc4M2Q1MmVkMWQ4OTI5Mjp7Il9hdXRoX3VzZXJfaWQiOiIxIiwiX2F1dGhfdXNlcl9iYWNrZW5kIjoiZGphbmdvLmNvbnRyaWIuYXV0aC5iYWNrZW5kcy5Nb2RlbEJhY2tlbmQiLCJfYXV0aF91c2VyX2hhc2giOiIwZjZhMWYxMmY4YTRiY2YyNTdhOTQ2NzMxZDU4OTA5MTNjNTE2YWQ5In0=", "expire_date": "2019-11-25T22:02:49.939Z"}},
      {"model": "auth.user", "pk": 2, "fields": {"password": "pbkdf2_sha256$150000$EPeaPHc88TLC$B5yL2NG7BQr6mCwBg2wxUQOq43nJp7F4qrslGM9oZxc=", "last_login": "2019-12-06T17:46:02.871Z", "is_superuser": true, "username": "euli", "first_name": "", "last_name": "", "email": "joaquinecc@gmail.com", "is_staff": true, "is_active": true, "date_joined": "2019-06-24T11:56:30.074Z", "groups": [], "user_permissions": []}}, {"model": "sessions.session", "pk": "02hk5ev1j72p0gegwwd3ilvbuorbkg3r", "fields": {"session_data": "NDg1MDU1NzRjMjI1NGViNGQ5ZDljZjM4Nzc4M2Q1MmVkMWQ4OTI5Mjp7Il9hdXRoX3VzZXJfaWQiOiIxIiwiX2F1dGhfdXNlcl9iYWNrZW5kIjoiZGphbmdvLmNvbnRyaWIuYXV0aC5iYWNrZW5kcy5Nb2RlbEJhY2tlbmQiLCJfYXV0aF91c2VyX2hhc2giOiIwZjZhMWYxMmY4YTRiY2YyNTdhOTQ2NzMxZDU4OTA5MTNjNTE2YWQ5In0=", "expire_date": "2019-11-25T22:02:49.939Z"}},
       {"model": "sessions.session", "pk": "3cm226krpwc5otiwr9dqhl2k12xsutve", "fields": {"session_data": "NDg1MDU1NzRjMjI1NGViNGQ5ZDljZjM4Nzc4M2Q1MmVkMWQ4OTI5Mjp7Il9hdXRoX3VzZXJfaWQiOiIxIiwiX2F1dGhfdXNlcl9iYWNrZW5kIjoiZGphbmdvLmNvbnRyaWIuYXV0aC5iYWNrZW5kcy5Nb2RlbEJhY2tlbmQiLCJfYXV0aF91c2VyX2hhc2giOiIwZjZhMWYxMmY4YTRiY2YyNTdhOTQ2NzMxZDU4OTA5MTNjNTE2YWQ5In0=", "expire_date": "2019-12-20T17:46:02.875Z"}}, {"model": "sessions.session", "pk": "e95iolsxg8bdh7bti7dkod70krzv1mvy", "fields": {"session_data": "NDg1MDU1NzRjMjI1NGViNGQ5ZDljZjM4Nzc4M2Q1MmVkMWQ4OTI5Mjp7Il9hdXRoX3VzZXJfaWQiOiIxIiwiX2F1dGhfdXNlcl9iYWNrZW5kIjoiZGphbmdvLmNvbnRyaWIuYXV0aC5iYWNrZW5kcy5Nb2RlbEJhY2tlbmQiLCJfYXV0aF91c2VyX2hhc2giOiIwZjZhMWYxMmY4YTRiY2YyNTdhOTQ2NzMxZDU4OTA5MTNjNTE2YWQ5In0=", "expire_date": "2019-10-06T22:05:22.596Z"}}, {"model": "sessions.session", "pk": "ej6cswto4dn2y8p0ktwa5hogmqzyix6q", "fields": {"session_data": "NDg1MDU1NzRjMjI1NGViNGQ5ZDljZjM4Nzc4M2Q1MmVkMWQ4OTI5Mjp7Il9hdXRoX3VzZXJfaWQiOiIxIiwiX2F1dGhfdXNlcl9iYWNrZW5kIjoiZGphbmdvLmNvbnRyaWIuYXV0aC5iYWNrZW5kcy5Nb2RlbEJhY2tlbmQiLCJfYXV0aF91c2VyX2hhc2giOiIwZjZhMWYxMmY4YTRiY2YyNTdhOTQ2NzMxZDU4OTA5MTNjNTE2YWQ5In0=", "expire_date": "2019-12-14T16:06:55.472Z"}}, {"model": "sessions.session", "pk": "h7amtr5iu7glr149lvh2af16g3kwf832", "fields": {"session_data": "NDg1MDU1NzRjMjI1NGViNGQ5ZDljZjM4Nzc4M2Q1MmVkMWQ4OTI5Mjp7Il9hdXRoX3VzZXJfaWQiOiIxIiwiX2F1dGhfdXNlcl9iYWNrZW5kIjoiZGphbmdvLmNvbnRyaWIuYXV0aC5iYWNrZW5kcy5Nb2RlbEJhY2tlbmQiLCJfYXV0aF91c2VyX2hhc2giOiIwZjZhMWYxMmY4YTRiY2YyNTdhOTQ2NzMxZDU4OTA5MTNjNTE2YWQ5In0=", "expire_date": "2019-08-04T16:06:32.063Z"}}, {"model": "sessions.session", "pk": "r516fpltm2uxk1gh1iypvr4axn5n5ino", "fields": {"session_data": "NDg1MDU1NzRjMjI1NGViNGQ5ZDljZjM4Nzc4M2Q1MmVkMWQ4OTI5Mjp7Il9hdXRoX3VzZXJfaWQiOiIxIiwiX2F1dGhfdXNlcl9iYWNrZW5kIjoiZGphbmdvLmNvbnRyaWIuYXV0aC5iYWNrZW5kcy5Nb2RlbEJhY2tlbmQiLCJfYXV0aF91c2VyX2hhc2giOiIwZjZhMWYxMmY4YTRiY2YyNTdhOTQ2NzMxZDU4OTA5MTNjNTE2YWQ5In0=", "expire_date": "2019-11-07T22:25:03.522Z"}}, {"model": "sessions.session", "pk": "w9thrrmmnj5673jqunn107juqob9pd8y", "fields": {"session_data": "NDg1MDU1NzRjMjI1NGViNGQ5ZDljZjM4Nzc4M2Q1MmVkMWQ4OTI5Mjp7Il9hdXRoX3VzZXJfaWQiOiIxIiwiX2F1dGhfdXNlcl9iYWNrZW5kIjoiZGphbmdvLmNvbnRyaWIuYXV0aC5iYWNrZW5kcy5Nb2RlbEJhY2tlbmQiLCJfYXV0aF91c2VyX2hhc2giOiIwZjZhMWYxMmY4YTRiY2YyNTdhOTQ2NzMxZDU4OTA5MTNjNTE2YWQ5In0=", "expire_date": "2019-07-08T11:59:01.705Z"}}, {"model": "admin.logentry", "pk": 1, "fields": {"action_time": "2019-06-24T13:52:35.000Z", "user": 1, "content_type": 7, "object_id": "1", "object_repr": "Jorge Saldivar", "action_flag": 1, "change_message": "[{\"added\": {}}]"}}, {"model": "admin.logentry", "pk": 2, "fields": {"action_time": "2019-06-24T13:56:50.850Z", "user": 1, "content_type": 9, "object_id": "1", "object_repr": "Barcelona Supercomputing Center (BSC)", "action_flag": 1, "change_message": "[{\"added\": {}}]"}}, {"model": "admin.logentry", "pk": 3, "fields": {"action_time": "2019-06-24T13:59:26.362Z", "user": 1, "content_type": 8, "object_id": "1", "object_repr": "Jorge Saldivar, Barcelona Supercomputing Center (BSC)", "action_flag": 1, "change_message": "[{\"added\": {}}]"}}, {"model": "admin.logentry", "pk": 4, "fields": {"action_time": "2019-09-22T22:05:38.131Z", "user": 1, "content_type": 7, "object_id": "1", "object_repr": "Jorge Saldivar", "action_flag": 2, "change_message": "[{\"changed\": {\"fields\": [\"communication_channel\", \"approved\"]}}]"}}, {"model": "admin.logentry", "pk": 5, "fields": {"action_time": "2019-09-28T15:31:11.558Z", "user": 1, "content_type": 7, "object_id": "1", "object_repr": "Jorge Saldivar", "action_flag": 2, "change_message": "[{\"changed\": {\"fields\": [\"scopus_profile\", \"institutional_website\", \"personal_website\", \"orcid\"]}}]"}}, {"model": "admin.logentry", "pk": 6, "fields": {"action_time": "2019-09-28T15:37:55.646Z", "user": 1, "content_type": 7, "object_id": "1", "object_repr": "Jorge Saldivar", "action_flag": 2, "change_message": "[{\"changed\": {\"fields\": [\"orcid_profile\"]}}]"}}, {"model": "admin.logentry", "pk": 7, "fields": {"action_time": "2019-10-24T22:37:15.453Z", "user": 1, "content_type": 7, "object_id": "1", "object_repr": "Jorge Saldivar", "action_flag": 2, "change_message": "[{\"changed\": {\"fields\": [\"slug\", \"facebook_profile\", \"linkedin_profile\", \"researchgate_profile\", \"academia_profile\"]}}]"}}, {"model": "admin.logentry", "pk": 8, "fields": {"action_time": "2019-10-24T22:41:11.595Z", "user": 1, "content_type": 7, "object_id": "1", "object_repr": "Jorge Saldivar", "action_flag": 2, "change_message": "[]"}}, {"model": "admin.logentry", "pk": 9, "fields": {"action_time": "2019-10-24T22:41:19.387Z", "user": 1, "content_type": 7, "object_id": "1", "object_repr": "Jorge Saldivar", "action_flag": 2, "change_message": "[]"}}, {"model": "admin.logentry", "pk": 10, "fields": {"action_time": "2019-10-24T22:41:29.538Z", "user": 1, "content_type": 7, "object_id": "5", "object_repr": "AA BB", "action_flag": 2, "change_message": "[{\"changed\": {\"fields\": [\"slug\", \"communication_channel\"]}}]"}}, {"model": "admin.logentry", "pk": 11, "fields": {"action_time": "2019-10-24T22:41:34.341Z", "user": 1, "content_type": 7, "object_id": "5", "object_repr": "AA BB", "action_flag": 2, "change_message": "[]"}}, {"model": "admin.logentry", "pk": 12, "fields": {"action_time": "2019-10-24T22:42:19.235Z", "user": 1, "content_type": 7, "object_id": "1", "object_repr": "Jorge Saldivar", "action_flag": 2, "change_message": "[]"}}, {"model": "admin.logentry", "pk": 13, "fields": {"action_time": "2019-10-24T22:42:24.268Z", "user": 1, "content_type": 7, "object_id": "1", "object_repr": "Jorge Saldivar", "action_flag": 2, "change_message": "[]"}}, {"model": "admin.logentry", "pk": 14, "fields": {"action_time": "2019-10-24T22:42:31.359Z", "user": 1, "content_type": 7, "object_id": "13", "object_repr": "dd cc", "action_flag": 2, "change_message": "[{\"changed\": {\"fields\": [\"slug\", \"communication_channel\"]}}]"}}, {"model": "admin.logentry", "pk": 15, "fields": {"action_time": "2019-10-24T22:42:35.870Z", "user": 1, "content_type": 7, "object_id": "13", "object_repr": "dd cc", "action_flag": 2, "change_message": "[]"}}, {"model": "admin.logentry", "pk": 16, "fields": {"action_time": "2019-10-24T22:42:40.777Z", "user": 1, "content_type": 7, "object_id": "13", "object_repr": "dd cc", "action_flag": 2, "change_message": "[]"}}, {"model": "admin.logentry", "pk": 17, "fields": {"action_time": "2019-10-25T21:25:35.992Z", "user": 1, "content_type": 7, "object_id": "17", "object_repr": "pepe sanz", "action_flag": 2, "change_message": "[{\"changed\": {\"fields\": [\"communication_channel\", \"approved\"]}}]"}}, {"model": "admin.logentry", "pk": 18, "fields": {"action_time": "2019-11-23T16:48:32.582Z", "user": 1, "content_type": 7, "object_id": "18", "object_repr": "Mar\u00eda De La Paz Arg\u00fcello Meza", "action_flag": 3, "change_message": ""}}, {"model": "admin.logentry", "pk": 19, "fields": {"action_time": "2019-11-23T16:48:32.591Z", "user": 1, "content_type": 7, "object_id": "19", "object_repr": "Dionisia Carballo Vera", "action_flag": 3, "change_message": ""}}, {"model": "admin.logentry", "pk": 20, "fields": {"action_time": "2019-11-23T16:48:32.596Z", "user": 1, "content_type": 7, "object_id": "20", "object_repr": "Carlos Antonio Echeverr\u00eda Martinez", "action_flag": 3, "change_message": ""}}, {"model": "admin.logentry", "pk": 21, "fields": {"action_time": "2019-11-23T16:48:32.598Z", "user": 1, "content_type": 7, "object_id": "21", "object_repr": "Ariana Escobar Car\u00edsimo", "action_flag": 3, "change_message": ""}}, {"model": "admin.logentry", "pk": 22, "fields": {"action_time": "2019-11-23T16:48:32.600Z", "user": 1, "content_type": 7, "object_id": "22", "object_repr": "Diego Ariel Galeano Galeano", "action_flag": 3, "change_message": ""}}, {"model": "admin.logentry", "pk": 23, "fields": {"action_time": "2019-11-23T16:48:32.603Z", "user": 1, "content_type": 7, "object_id": "23", "object_repr": "Alejandro Jos\u00e9 Giangreco Maidana", "action_flag": 3, "change_message": ""}}, {"model": "admin.logentry", "pk": 24, "fields": {"action_time": "2019-11-23T16:48:32.606Z", "user": 1, "content_type": 7, "object_id": "24", "object_repr": "Jos\u00e9 Luis Gonz\u00e1lez Fleitas", "action_flag": 3, "change_message": ""}}, {"model": "admin.logentry", "pk": 25, "fields": {"action_time": "2019-11-23T16:48:32.608Z", "user": 1, "content_type": 7, "object_id": "25", "object_repr": "Gustavo David Jim\u00e9nez Britez", "action_flag": 3, "change_message": ""}}, {"model": "admin.logentry", "pk": 26, "fields": {"action_time": "2019-11-23T16:53:36.266Z", "user": 1, "content_type": 7, "object_id": "5", "object_repr": "Aa Bb", "action_flag": 3, "change_message": ""}}, {"model": "admin.logentry", "pk": 27, "fields": {"action_time": "2019-11-23T16:53:36.271Z", "user": 1, "content_type": 7, "object_id": "13", "object_repr": "Dd Cc", "action_flag": 3, "change_message": ""}}, {"model": "admin.logentry", "pk": 28, "fields": {"action_time": "2019-11-23T16:53:36.272Z", "user": 1, "content_type": 7, "object_id": "2", "object_repr": "Pato Donald", "action_flag": 3, "change_message": ""}}, {"model": "admin.logentry", "pk": 29, "fields": {"action_time": "2019-11-23T16:53:36.274Z", "user": 1, "content_type": 7, "object_id": "15", "object_repr": "Zz Ee", "action_flag": 3, "change_message": ""}}, {"model": "admin.logentry", "pk": 30, "fields": {"action_time": "2019-11-23T16:53:36.276Z", "user": 1, "content_type": 7, "object_id": "16", "object_repr": "Ppp Ll", "action_flag": 3, "change_message": ""}}, {"model": "admin.logentry", "pk": 31, "fields": {"action_time": "2019-11-23T16:53:36.279Z", "user": 1, "content_type": 7, "object_id": "11", "object_repr": "Pp Ll", "action_flag": 3, "change_message": ""}}, {"model": "admin.logentry", "pk": 32, "fields": {"action_time": "2019-11-23T16:53:36.281Z", "user": 1, "content_type": 7, "object_id": "4", "object_repr": "Minie Mouse", "action_flag": 3, "change_message": ""}}, {"model": "admin.logentry", "pk": 33, "fields": {"action_time": "2019-11-23T16:53:36.283Z", "user": 1, "content_type": 7, "object_id": "3", "object_repr": "Mickey Mouse", "action_flag": 3, "change_message": ""}}, {"model": "admin.logentry", "pk": 34, "fields": {"action_time": "2019-11-23T16:53:36.285Z", "user": 1, "content_type": 7, "object_id": "14", "object_repr": "Pp Oo", "action_flag": 3, "change_message": ""}}, {"model": "admin.logentry", "pk": 35, "fields": {"action_time": "2019-11-23T16:53:36.286Z", "user": 1, "content_type": 7, "object_id": "9", "object_repr": "Pp Oo", "action_flag": 3, "change_message": ""}}, {"model": "admin.logentry", "pk": 36, "fields": {"action_time": "2019-11-23T16:53:36.287Z", "user": 1, "content_type": 7, "object_id": "12", "object_repr": "Gg Pp", "action_flag": 3, "change_message": ""}}, {"model": "admin.logentry", "pk": 37, "fields": {"action_time": "2019-11-23T16:53:36.288Z", "user": 1, "content_type": 7, "object_id": "8", "object_repr": "Cc Pp", "action_flag": 3, "change_message": ""}}, {"model": "admin.logentry", "pk": 38, "fields": {"action_time": "2019-11-23T16:53:36.289Z", "user": 1, "content_type": 7, "object_id": "10", "object_repr": "Hola Quetal", "action_flag": 3, "change_message": ""}}, {"model": "admin.logentry", "pk": 39, "fields": {"action_time": "2019-11-23T16:53:36.291Z", "user": 1, "content_type": 7, "object_id": "17", "object_repr": "Pepe Sanz", "action_flag": 3, "change_message": ""}}, {"model": "admin.logentry", "pk": 40, "fields": {"action_time": "2019-11-23T16:53:36.293Z", "user": 1, "content_type": 7, "object_id": "7", "object_repr": "Yy Uu", "action_flag": 3, "change_message": ""}}, {"model": "admin.logentry", "pk": 41, "fields": {"action_time": "2019-11-23T16:53:36.295Z", "user": 1, "content_type": 7, "object_id": "6", "object_repr": "Cc Vv", "action_flag": 3, "change_message": ""}}, {"model": "admin.logentry", "pk": 42, "fields": {"action_time": "2019-11-23T16:53:52.121Z", "user": 1, "content_type": 7, "object_id": "1", "object_repr": "Jorge Saldivar", "action_flag": 2, "change_message": "[{\"changed\": {\"fields\": [\"approved\"]}}]"}}, {"model": "admin.logentry", "pk": 43, "fields": {"action_time": "2019-11-23T16:56:12.901Z", "user": 1, "content_type": 8, "object_id": "18", "object_repr": "Jorge Saldivar, Eiffel Tower", "action_flag": 3, "change_message": ""}}, {"model": "admin.logentry", "pk": 44, "fields": {"action_time": "2019-11-23T17:00:40.810Z", "user": 1, "content_type": 7, "object_id": "27", "object_repr": "Mar\u00eda De La Paz Arg\u00fcello Meza", "action_flag": 3, "change_message": ""}}, {"model": "admin.logentry", "pk": 45, "fields": {"action_time": "2019-11-23T17:00:40.816Z", "user": 1, "content_type": 7, "object_id": "28", "object_repr": "Dionisia Carballo Vera", "action_flag": 3, "change_message": ""}}, {"model": "admin.logentry", "pk": 46, "fields": {"action_time": "2019-11-23T17:00:40.817Z", "user": 1, "content_type": 7, "object_id": "29", "object_repr": "Carlos Antonio Echeverr\u00eda Martinez", "action_flag": 3, "change_message": ""}}, {"model": "admin.logentry", "pk": 47, "fields": {"action_time": "2019-11-23T17:00:40.818Z", "user": 1, "content_type": 7, "object_id": "30", "object_repr": "Ariana Escobar Car\u00edsimo", "action_flag": 3, "change_message": ""}}, {"model": "admin.logentry", "pk": 48, "fields": {"action_time": "2019-11-23T17:00:40.820Z", "user": 1, "content_type": 7, "object_id": "31", "object_repr": "Diego Ariel Galeano Galeano", "action_flag": 3, "change_message": ""}}, {"model": "admin.logentry", "pk": 49, "fields": {"action_time": "2019-11-23T17:00:40.823Z", "user": 1, "content_type": 7, "object_id": "32", "object_repr": "Alejandro Jos\u00e9 Giangreco Maidana", "action_flag": 3, "change_message": ""}}, {"model": "admin.logentry", "pk": 50, "fields": {"action_time": "2019-11-23T17:00:40.824Z", "user": 1, "content_type": 7, "object_id": "33", "object_repr": "Jos\u00e9 Luis Gonz\u00e1lez Fleitas", "action_flag": 3, "change_message": ""}}, {"model": "admin.logentry", "pk": 51, "fields": {"action_time": "2019-11-23T17:00:40.826Z", "user": 1, "content_type": 7, "object_id": "34", "object_repr": "Gustavo David Jim\u00e9nez Britez", "action_flag": 3, "change_message": ""}}, {"model": "admin.logentry", "pk": 52, "fields": {"action_time": "2019-11-23T17:00:40.827Z", "user": 1, "content_type": 7, "object_id": "35", "object_repr": "Christian Gerardo Lezcano R\u00edos", "action_flag": 3, "change_message": ""}}, {"model": "admin.logentry", "pk": 53, "fields": {"action_time": "2019-11-24T14:54:05.851Z", "user": 1, "content_type": 9, "object_id": "37", "object_repr": "Universidad Claude Bernard", "action_flag": 1, "change_message": "[{\"added\": {}}]"}}, {"model": "admin.logentry", "pk": 54, "fields": {"action_time": "2019-11-24T14:54:41.429Z", "user": 1, "content_type": 9, "object_id": "9", "object_repr": "Camp Nou", "action_flag": 3, "change_message": ""}}, {"model": "admin.logentry", "pk": 55, "fields": {"action_time": "2019-11-24T14:54:41.433Z", "user": 1, "content_type": 9, "object_id": "17", "object_repr": "Central Park", "action_flag": 3, "change_message": ""}}, {"model": "admin.logentry", "pk": 56, "fields": {"action_time": "2019-11-24T14:54:41.437Z", "user": 1, "content_type": 9, "object_id": "3", "object_repr": "Disney's Animal Kingdom Theme Park", "action_flag": 3, "change_message": ""}}, {"model": "admin.logentry", "pk": 57, "fields": {"action_time": "2019-11-24T14:54:41.440Z", "user": 1, "content_type": 9, "object_id": "18", "object_repr": "Eiffel Tower", "action_flag": 3, "change_message": ""}}, {"model": "admin.logentry", "pk": 58, "fields": {"action_time": "2019-11-24T14:54:41.442Z", "user": 1, "content_type": 9, "object_id": "16", "object_repr": "Eiffel Tower", "action_flag": 3, "change_message": ""}}, {"model": "admin.logentry", "pk": 59, "fields": {"action_time": "2019-11-24T14:54:41.443Z", "user": 1, "content_type": 9, "object_id": "15", "object_repr": "Estadio Nacional", "action_flag": 3, "change_message": ""}}, {"model": "admin.logentry", "pk": 60, "fields": {"action_time": "2019-11-24T14:54:41.445Z", "user": 1, "content_type": 9, "object_id": "13", "object_repr": "La Pedrera", "action_flag": 3, "change_message": ""}}, {"model": "admin.logentry", "pk": 61, "fields": {"action_time": "2019-11-24T14:54:41.446Z", "user": 1, "content_type": 9, "object_id": "12", "object_repr": "Machu Picchu", "action_flag": 3, "change_message": ""}}, {"model": "admin.logentry", "pk": 62, "fields": {"action_time": "2019-11-24T14:54:41.447Z", "user": 1, "content_type": 9, "object_id": "6", "object_repr": "Manuel Ferreira stadium", "action_flag": 3, "change_message": ""}}, {"model": "admin.logentry", "pk": 63, "fields": {"action_time": "2019-11-24T14:54:41.448Z", "user": 1, "content_type": 9, "object_id": "11", "object_repr": "Maracan\u00e3", "action_flag": 3, "change_message": ""}}, {"model": "admin.logentry", "pk": 64, "fields": {"action_time": "2019-11-24T14:54:41.449Z", "user": 1, "content_type": 9, "object_id": "4", "object_repr": "San Siro Stadium", "action_flag": 3, "change_message": ""}}, {"model": "admin.logentry", "pk": 65, "fields": {"action_time": "2019-11-24T14:54:41.450Z", "user": 1, "content_type": 9, "object_id": "5", "object_repr": "Santiago Bernab\u00e9u Stadium", "action_flag": 3, "change_message": ""}}, {"model": "admin.logentry", "pk": 66, "fields": {"action_time": "2019-11-24T14:54:41.450Z", "user": 1, "content_type": 9, "object_id": "14", "object_repr": "Stadio Olimpico", "action_flag": 3, "change_message": ""}}, {"model": "admin.logentry", "pk": 67, "fields": {"action_time": "2019-11-24T14:54:41.451Z", "user": 1, "content_type": 9, "object_id": "2", "object_repr": "Stanford University", "action_flag": 3, "change_message": ""}}, {"model": "admin.logentry", "pk": 68, "fields": {"action_time": "2019-11-24T14:54:41.453Z", "user": 1, "content_type": 9, "object_id": "10", "object_repr": "Wanda Metropolitano Stadium", "action_flag": 3, "change_message": ""}}, {"model": "admin.logentry", "pk": 69, "fields": {"action_time": "2019-11-24T15:01:38.483Z", "user": 1, "content_type": 7, "object_id": "73", "object_repr": "Juan Marcelo Dujak Riquelme", "action_flag": 3, "change_message": ""}}, {"model": "admin.logentry", "pk": 70, "fields": {"action_time": "2019-11-24T15:01:38.486Z", "user": 1, "content_type": 7, "object_id": "151", "object_repr": "Alvaro Miguel Gonz\u00e1lez Fretes", "action_flag": 3, "change_message": ""}}, {"model": "admin.logentry", "pk": 71, "fields": {"action_time": "2019-11-24T15:01:38.488Z", "user": 1, "content_type": 7, "object_id": "132", "object_repr": "Mar\u00eda Montserrat Herrera Fois", "action_flag": 3, "change_message": ""}}, {"model": "admin.logentry", "pk": 72, "fields": {"action_time": "2019-11-24T15:01:38.489Z", "user": 1, "content_type": 7, "object_id": "133", "object_repr": "Romy Ang\u00e9lica Mar\u00eda Mart\u00ednez Garay", "action_flag": 3, "change_message": ""}}, {"model": "admin.logentry", "pk": 73, "fields": {"action_time": "2019-11-24T15:01:38.490Z", "user": 1, "content_type": 7, "object_id": "59", "object_repr": "Nadia Cristina Remezovski Luzko", "action_flag": 3, "change_message": ""}}, {"model": "admin.logentry", "pk": 74, "fields": {"action_time": "2019-11-30T16:11:26.228Z", "user": 1, "content_type": 7, "object_id": "60", "object_repr": "Adriana Santos Caballero", "action_flag": 2, "change_message": "[{\"changed\": {\"fields\": [\"scientific_area\", \"communication_channel\"]}}]"}}, {"model": "admin.logentry", "pk": 75, "fields": {"action_time": "2019-11-30T16:11:48.156Z", "user": 1, "content_type": 7, "object_id": "79", "object_repr": "Diego Torres Arza", "action_flag": 2, "change_message": "[{\"changed\": {\"fields\": [\"scientific_area\", \"communication_channel\"]}}]"}}, {"model": "admin.logentry", "pk": 76, "fields": {"action_time": "2019-11-30T16:12:34.366Z", "user": 1, "content_type": 7, "object_id": "179", "object_repr": "Juan Marcelo Dujak Riquelme", "action_flag": 2, "change_message": "[{\"changed\": {\"fields\": [\"scientific_area\", \"communication_channel\"]}}]"}}, {"model": "admin.logentry", "pk": 77, "fields": {"action_time": "2019-11-30T16:12:45.886Z", "user": 1, "content_type": 7, "object_id": "180", "object_repr": "Mar\u00eda Montserrat Herrera Fois", "action_flag": 2, "change_message": "[{\"changed\": {\"fields\": [\"scientific_area\", \"communication_channel\"]}}]"}}, {"model": "admin.logentry", "pk": 78, "fields": {"action_time": "2019-11-30T16:12:56.257Z", "user": 1, "content_type": 7, "object_id": "99", "object_repr": "Joaqu\u00edn Ru\u00edz Zubizarreta", "action_flag": 2, "change_message": "[{\"changed\": {\"fields\": [\"scientific_area\", \"communication_channel\"]}}]"}}, {"model": "admin.logentry", "pk": 79, "fields": {"action_time": "2019-11-30T16:13:53.867Z", "user": 1, "content_type": 7, "object_id": "152", "object_repr": "Silvia Sof\u00eda Gonz\u00e1lez Gamez", "action_flag": 2, "change_message": "[{\"changed\": {\"fields\": [\"scientific_area\", \"communication_channel\"]}}]"}}, {"model": "admin.logentry", "pk": 80, "fields": {"action_time": "2019-11-30T16:14:02.283Z", "user": 1, "content_type": 7, "object_id": "162", "object_repr": "Claudia Rosana Torales L\u00f3pez", "action_flag": 2, "change_message": "[{\"changed\": {\"fields\": [\"scientific_area\", \"communication_channel\"]}}]"}}, {"model": "admin.logentry", "pk": 81, "fields": {"action_time": "2019-11-30T16:14:10.648Z", "user": 1, "content_type": 7, "object_id": "119", "object_repr": "Megumi Yamanaka", "action_flag": 2, "change_message": "[{\"changed\": {\"fields\": [\"scientific_area\", \"communication_channel\"]}}]"}}, {"model": "admin.logentry", "pk": 82, "fields": {"action_time": "2019-11-30T16:14:45.794Z", "user": 1, "content_type": 7, "object_id": "130", "object_repr": "Alejandra Yrupe Fresco Arrom", "action_flag": 2, "change_message": "[{\"changed\": {\"fields\": [\"scientific_area\", \"communication_channel\"]}}]"}}, {"model": "admin.logentry", "pk": 83, "fields": {"action_time": "2019-11-30T16:16:36.387Z", "user": 1, "content_type": 7, "object_id": "106", "object_repr": "Mar\u00eda In\u00e9s Campos Mongelos", "action_flag": 2, "change_message": "[{\"changed\": {\"fields\": [\"scientific_area\", \"communication_channel\"]}}]"}}, {"model": "admin.logentry", "pk": 84, "fields": {"action_time": "2019-11-30T16:16:47.074Z", "user": 1, "content_type": 7, "object_id": "87", "object_repr": "Elena Mar\u00eda Goretti Diarte A\u00f1azco", "action_flag": 2, "change_message": "[{\"changed\": {\"fields\": [\"scientific_area\", \"communication_channel\"]}}]"}}, {"model": "admin.logentry", "pk": 85, "fields": {"action_time": "2019-11-30T16:16:56.857Z", "user": 1, "content_type": 7, "object_id": "149", "object_repr": "Carolina Viviana Duarte Hospital", "action_flag": 2, "change_message": "[{\"changed\": {\"fields\": [\"scientific_area\", \"communication_channel\"]}}]"}}, {"model": "admin.logentry", "pk": 86, "fields": {"action_time": "2019-11-30T16:17:04.874Z", "user": 1, "content_type": 7, "object_id": "109", "object_repr": "Ana Clarizza Rivarola Sena", "action_flag": 2, "change_message": "[{\"changed\": {\"fields\": [\"scientific_area\", \"communication_channel\"]}}]"}}, {"model": "admin.logentry", "pk": 87, "fields": {"action_time": "2019-11-30T16:17:29.676Z", "user": 1, "content_type": 7, "object_id": "53", "object_repr": "Arnaldo Esquivel Fari\u00f1a", "action_flag": 2, "change_message": "[{\"changed\": {\"fields\": [\"scientific_area\", \"communication_channel\"]}}]"}}, {"model": "admin.logentry", "pk": 88, "fields": {"action_time": "2019-11-30T16:17:38.629Z", "user": 1, "content_type": 7, "object_id": "113", "object_repr": "Gabriela Morel Gadea", "action_flag": 2, "change_message": "[{\"changed\": {\"fields\": [\"scientific_area\", \"communication_channel\"]}}]"}}, {"model": "admin.logentry", "pk": 89, "fields": {"action_time": "2019-11-30T16:17:45.980Z", "user": 1, "content_type": 7, "object_id": "156", "object_repr": "N\u00e9lida Elizabet Qui\u00f1onez", "action_flag": 2, "change_message": "[{\"changed\": {\"fields\": [\"scientific_area\", \"communication_channel\"]}}]"}}, {"model": "admin.logentry", "pk": 90, "fields": {"action_time": "2019-11-30T16:17:53.414Z", "user": 1, "content_type": 7, "object_id": "61", "object_repr": "Ximena Mar\u00eda Alejandra Silva Palacios", "action_flag": 2, "change_message": "[{\"changed\": {\"fields\": [\"scientific_area\", \"communication_channel\"]}}]"}}, {"model": "admin.logentry", "pk": 91, "fields": {"action_time": "2019-11-30T16:20:19.794Z", "user": 1, "content_type": 7, "object_id": "37", "object_repr": "Mar\u00eda De La Paz Arg\u00fcello Meza", "action_flag": 2, "change_message": "[{\"changed\": {\"fields\": [\"scientific_area\", \"communication_channel\"]}}]"}}, {"model": "admin.logentry", "pk": 92, "fields": {"action_time": "2019-11-30T16:20:28.972Z", "user": 1, "content_type": 7, "object_id": "68", "object_repr": "Marie Claire Burt Wolf", "action_flag": 2, "change_message": "[{\"changed\": {\"fields\": [\"scientific_area\", \"communication_channel\"]}}]"}}, {"model": "admin.logentry", "pk": 93, "fields": {"action_time": "2019-11-30T16:20:38.440Z", "user": 1, "content_type": 7, "object_id": "125", "object_repr": "Camilo Jos\u00e9 Caballero Ocariz", "action_flag": 2, "change_message": "[{\"changed\": {\"fields\": [\"scientific_area\", \"communication_channel\"]}}]"}}, {"model": "admin.logentry", "pk": 94, "fields": {"action_time": "2019-11-30T16:20:47.622Z", "user": 1, "content_type": 7, "object_id": "67", "object_repr": "Mariela Elizabeth Cuevas Rojas", "action_flag": 2, "change_message": "[{\"changed\": {\"fields\": [\"scientific_area\", \"communication_channel\"]}}]"}}, {"model": "admin.logentry", "pk": 95, "fields": {"action_time": "2019-11-30T16:20:56.592Z", "user": 1, "content_type": 7, "object_id": "120", "object_repr": "Julio C\u00e9sar Diarte Almada", "action_flag": 2, "change_message": "[{\"changed\": {\"fields\": [\"scientific_area\", \"communication_channel\"]}}]"}}, {"model": "admin.logentry", "pk": 96, "fields": {"action_time": "2019-11-30T16:21:04.069Z", "user": 1, "content_type": 7, "object_id": "94", "object_repr": "Ra\u00fal Enrique Duarte", "action_flag": 2, "change_message": "[{\"changed\": {\"fields\": [\"scientific_area\", \"communication_channel\"]}}]"}}, {"model": "admin.logentry", "pk": 97, "fields": {"action_time": "2019-11-30T16:21:12.980Z", "user": 1, "content_type": 7, "object_id": "40", "object_repr": "Ariana Escobar Car\u00edsimo", "action_flag": 2, "change_message": "[{\"changed\": {\"fields\": [\"scientific_area\", \"communication_channel\"]}}]"}}, {"model": "admin.logentry", "pk": 98, "fields": {"action_time": "2019-11-30T16:21:22.516Z", "user": 1, "content_type": 7, "object_id": "114", "object_repr": "Gabriela Mar\u00eda Fretes Centuri\u00f3n", "action_flag": 2, "change_message": "[{\"changed\": {\"fields\": [\"scientific_area\", \"communication_channel\"]}}]"}}, {"model": "admin.logentry", "pk": 99, "fields": {"action_time": "2019-11-30T16:21:30.777Z", "user": 1, "content_type": 7, "object_id": "56", "object_repr": "Ignacio Sebasti\u00e1n Gonz\u00e1lez Bozzolasco", "action_flag": 2, "change_message": "[{\"changed\": {\"fields\": [\"scientific_area\", \"communication_channel\"]}}]"}}, {"model": "admin.logentry", "pk": 100, "fields": {"action_time": "2019-11-30T16:21:38.992Z", "user": 1, "content_type": 7, "object_id": "131", "object_repr": "Pierre Marcel Gunsett Salazar", "action_flag": 2, "change_message": "[{\"changed\": {\"fields\": [\"scientific_area\", \"communication_channel\"]}}]"}}, {"model": "admin.logentry", "pk": 101, "fields": {"action_time": "2019-11-30T16:22:05.088Z", "user": 1, "content_type": 7, "object_id": "173", "object_repr": "Maria Cecilia Llamosas Del Puerto", "action_flag": 2, "change_message": "[{\"changed\": {\"fields\": [\"scientific_area\", \"communication_channel\"]}}]"}}, {"model": "admin.logentry", "pk": 102, "fields": {"action_time": "2019-11-30T16:22:12.781Z", "user": 1, "content_type": 7, "object_id": "74", "object_repr": "Juan Carlos Pane Sol\u00eds", "action_flag": 2, "change_message": "[{\"changed\": {\"fields\": [\"scientific_area\", \"communication_channel\"]}}]"}}, {"model": "admin.logentry", "pk": 103, "fields": {"action_time": "2019-11-30T16:22:22.002Z", "user": 1, "content_type": 7, "object_id": "80", "object_repr": "Diana Melissa Ramos Vaesken", "action_flag": 2, "change_message": "[{\"changed\": {\"fields\": [\"scientific_area\", \"communication_channel\"]}}]"}}, {"model": "admin.logentry", "pk": 104, "fields": {"action_time": "2019-11-30T16:22:31.431Z", "user": 1, "content_type": 7, "object_id": "98", "object_repr": "Jazm\u00edn Ruiz D\u00edaz Figueredo", "action_flag": 2, "change_message": "[{\"changed\": {\"fields\": [\"scientific_area\", \"communication_channel\"]}}]"}}, {"model": "admin.logentry", "pk": 105, "fields": {"action_time": "2019-11-30T16:22:38.954Z", "user": 1, "content_type": 7, "object_id": "47", "object_repr": "Jos\u00e9 Tom\u00e1s S\u00e1nchez G\u00f3mez", "action_flag": 2, "change_message": "[{\"changed\": {\"fields\": [\"scientific_area\", \"communication_channel\"]}}]"}}, {"model": "admin.logentry", "pk": 106, "fields": {"action_time": "2019-11-30T16:22:46.192Z", "user": 1, "content_type": 7, "object_id": "143", "object_repr": "Dalila Concepci\u00f3n Sosa Mar\u00edn", "action_flag": 2, "change_message": "[{\"changed\": {\"fields\": [\"scientific_area\", \"communication_channel\"]}}]"}}, {"model": "admin.logentry", "pk": 107, "fields": {"action_time": "2019-11-30T16:22:53.870Z", "user": 1, "content_type": 7, "object_id": "144", "object_repr": "Claudia Vanessa Spinzi Blanco", "action_flag": 2, "change_message": "[{\"changed\": {\"fields\": [\"scientific_area\", \"communication_channel\"]}}]"}}, {"model": "admin.logentry", "pk": 108, "fields": {"action_time": "2019-11-30T16:23:01.589Z", "user": 1, "content_type": 7, "object_id": "111", "object_repr": "Mar\u00eda Lidia Villalba Benitez", "action_flag": 2, "change_message": "[{\"changed\": {\"fields\": [\"scientific_area\", \"communication_channel\"]}}]"}}, {"model": "admin.logentry", "pk": 109, "fields": {"action_time": "2019-11-30T16:23:09.340Z", "user": 1, "content_type": 7, "object_id": "105", "object_repr": "Mario Emmanuel Villalba Ferreira", "action_flag": 2, "change_message": "[{\"changed\": {\"fields\": [\"scientific_area\", \"communication_channel\"]}}]"}}, {"model": "admin.logentry", "pk": 110, "fields": {"action_time": "2019-11-30T16:23:19.520Z", "user": 1, "content_type": 7, "object_id": "145", "object_repr": "Elida Salvadora Villalba Varga", "action_flag": 2, "change_message": "[{\"changed\": {\"fields\": [\"scientific_area\", \"communication_channel\"]}}]"}}, {"model": "admin.logentry", "pk": 111, "fields": {"action_time": "2019-11-30T16:24:17.441Z", "user": 1, "content_type": 7, "object_id": "69", "object_repr": "Mar\u00eda Margarita L\u00f3pez Ram\u00edrez", "action_flag": 2, "change_message": "[{\"changed\": {\"fields\": [\"scientific_area\", \"communication_channel\"]}}]"}}, {"model": "admin.logentry", "pk": 112, "fields": {"action_time": "2019-11-30T16:24:47.767Z", "user": 1, "content_type": 7, "object_id": "75", "object_repr": "Jorge Luis Recalde Ram\u00edrez", "action_flag": 2, "change_message": "[{\"changed\": {\"fields\": [\"scientific_area\", \"communication_channel\"]}}]"}}, {"model": "admin.logentry", "pk": 113, "fields": {"action_time": "2019-11-30T16:24:55.198Z", "user": 1, "content_type": 7, "object_id": "177", "object_repr": "Marianela Velilla Fern\u00e1ndez", "action_flag": 2, "change_message": "[{\"changed\": {\"fields\": [\"scientific_area\", \"communication_channel\"]}}]"}}, {"model": "admin.logentry", "pk": 114, "fields": {"action_time": "2019-11-30T16:25:45.210Z", "user": 1, "content_type": 7, "object_id": "39", "object_repr": "Carlos Antonio Echeverr\u00eda Martinez", "action_flag": 2, "change_message": "[{\"changed\": {\"fields\": [\"scientific_area\", \"communication_channel\"]}}]"}}, {"model": "admin.logentry", "pk": 115, "fields": {"action_time": "2019-11-30T16:26:01.437Z", "user": 1, "content_type": 7, "object_id": "54", "object_repr": "David Rodrigo Franco Le\u00f3n", "action_flag": 2, "change_message": "[{\"changed\": {\"fields\": [\"scientific_area\", \"communication_channel\"]}}]"}}, {"model": "admin.logentry", "pk": 116, "fields": {"action_time": "2019-11-30T16:26:32.050Z", "user": 1, "content_type": 7, "object_id": "97", "object_repr": "Carlos Domingo Mendez", "action_flag": 2, "change_message": "[{\"changed\": {\"fields\": [\"scientific_area\", \"communication_channel\"]}}]"}}, {"model": "admin.logentry", "pk": 117, "fields": {"action_time": "2019-11-30T16:26:53.788Z", "user": 1, "content_type": 7, "object_id": "118", "object_repr": "Lina Rivelli Zea", "action_flag": 2, "change_message": "[{\"changed\": {\"fields\": [\"scientific_area\", \"communication_channel\"]}}]"}}, {"model": "admin.logentry", "pk": 118, "fields": {"action_time": "2019-11-30T16:27:19.815Z", "user": 1, "content_type": 7, "object_id": "139", "object_repr": "Rodney Jos\u00e9 Manuel Ruiz D\u00edas Ayala", "action_flag": 2, "change_message": "[{\"changed\": {\"fields\": [\"scientific_area\", \"communication_channel\"]}}]"}}, {"model": "admin.logentry", "pk": 119, "fields": {"action_time": "2019-12-06T15:15:35.747Z", "user": 1, "content_type": 7, "object_id": "178", "object_repr": "Nadia Cristina Remezovski Luzko", "action_flag": 2, "change_message": "[{\"changed\": {\"fields\": [\"first_category_scientific_area\", \"scientific_area\", \"communication_channel\"]}}]"}}, {"model": "admin.logentry", "pk": 120, "fields": {"action_time": "2019-12-06T15:48:33.555Z", "user": 1, "content_type": 7, "object_id": "183", "object_repr": "Prueba Prueba", "action_flag": 1, "change_message": "[{\"added\": {}}]"}}, {"model": "admin.logentry", "pk": 121, "fields": {"action_time": "2019-12-06T15:53:57.459Z", "user": 1, "content_type": 7, "object_id": "183", "object_repr": "Prueba Prueba", "action_flag": 3, "change_message": ""}}, {"model": "admin.logentry", "pk": 122, "fields": {"action_time": "2019-12-14T17:51:05.238Z", "user": 1, "content_type": 9, "object_id": "37", "object_repr": "Universidad Claude Bernard", "action_flag": 2, "change_message": "[{\"changed\": {\"fields\": [\"city\"]}}]"}}]